{"cameraMode":{"drawMode":0,"name":"Shaded","section":"Shading Mode"},"sceneLighting":true,"audioPlay":false,"sceneViewState":{"showFog":true,"showMaterialUpdate":false,"showSkybox":true,"showFlares":true,"showImageEffects":true,"showParticleSystems":true},"in2DMode":false,"pivot":{"x":-1.0121204853057862,"y":7.965828895568848,"z":-13.631481170654297},"rotation":{"x":0.12746401131153108,"y":-0.00945770088583231,"z":0.0012676394544541836,"w":0.9918491840362549},"size":18.182064056396486,"orthographic":false}